ssn|cc_num|first|last|gender|street|city|state|zip|lat|long|city_pop|job|dob|acct_num|profile|trans_num|trans_date|trans_time|unix_time|category|amt|is_fraud|merchant|merch_lat|merch_long
479-94-0888|4065133387262473|David|Leblanc|M|108 Tanya Terrace Apt. 267|Rockwell|NC|28138|35.5494|-80.4226|10495|Quarry manager|1983-12-27|950105810049|adults_2550_male_urban.json|b40c083614de1a1c8c8835d4bb01b370|2025-04-02|05:47:12|1743565632|gas_transport|11.92|1|fraud_Raynor, Feest and Miller|35.219240|-80.402563
479-94-0888|4065133387262473|David|Leblanc|M|108 Tanya Terrace Apt. 267|Rockwell|NC|28138|35.5494|-80.4226|10495|Quarry manager|1983-12-27|950105810049|adults_2550_male_urban.json|72058e4d1f897ed44698d1def9168b00|2025-04-02|01:59:07|1743551947|grocery_pos|11.10|1|fraud_Hudson-Ratke|35.273025|-81.000680
479-94-0888|4065133387262473|David|Leblanc|M|108 Tanya Terrace Apt. 267|Rockwell|NC|28138|35.5494|-80.4226|10495|Quarry manager|1983-12-27|950105810049|adults_2550_male_urban.json|dbf78d61a2bb1aec3588cbcfe31a624a|2025-04-02|02:12:18|1743552738|gas_transport|296.97|1|fraud_Kutch, Hermiston and Farrell|34.860434|-80.769014
479-94-0888|4065133387262473|David|Leblanc|M|108 Tanya Terrace Apt. 267|Rockwell|NC|28138|35.5494|-80.4226|10495|Quarry manager|1983-12-27|950105810049|adults_2550_male_urban.json|5f2e9b2dd18882059ca9a6d62bb74be0|2025-04-02|00:56:15|1743548175|grocery_pos|304.12|1|fraud_Kiehn-Emmerich|36.051741|-80.589747
479-94-0888|4065133387262473|David|Leblanc|M|108 Tanya Terrace Apt. 267|Rockwell|NC|28138|35.5494|-80.4226|10495|Quarry manager|1983-12-27|950105810049|adults_2550_male_urban.json|6ec1fd5983ceb7c1496106008fc986b2|2025-04-02|00:08:44|1743545324|misc_net|696.89|1|fraud_Tillman, Fritsch and Schmitt|34.805650|-80.646311
479-94-0888|4065133387262473|David|Leblanc|M|108 Tanya Terrace Apt. 267|Rockwell|NC|28138|35.5494|-80.4226|10495|Quarry manager|1983-12-27|950105810049|adults_2550_male_urban.json|494a05c1445474308affe1114e174b3d|2025-04-03|22:41:37|1743712897|shopping_net|1037.80|1|fraud_Kuhic LLC|34.765683|-81.002362
479-94-0888|4065133387262473|David|Leblanc|M|108 Tanya Terrace Apt. 267|Rockwell|NC|28138|35.5494|-80.4226|10495|Quarry manager|1983-12-27|950105810049|adults_2550_male_urban.json|519af24ba4beaea6e9c65a47ca3b8ea3|2025-04-03|20:00:19|1743703219|shopping_net|945.18|1|fraud_Heathcote LLC|35.821250|-81.309868
479-94-0888|4065133387262473|David|Leblanc|M|108 Tanya Terrace Apt. 267|Rockwell|NC|28138|35.5494|-80.4226|10495|Quarry manager|1983-12-27|950105810049|adults_2550_male_urban.json|b4b085aede71957373a309b04403922f|2025-04-03|22:19:43|1743711583|entertainment|868.55|1|fraud_Cormier, Stracke and Thiel|35.984164|-80.403238
479-94-0888|4065133387262473|David|Leblanc|M|108 Tanya Terrace Apt. 267|Rockwell|NC|28138|35.5494|-80.4226|10495|Quarry manager|1983-12-27|950105810049|adults_2550_male_urban.json|b73cfeb28ea5efaacbd7e3fbc1792637|2025-04-03|22:43:49|1743713029|shopping_pos|939.22|1|fraud_Kuhn LLC|35.832598|-80.130981
479-94-0888|4065133387262473|David|Leblanc|M|108 Tanya Terrace Apt. 267|Rockwell|NC|28138|35.5494|-80.4226|10495|Quarry manager|1983-12-27|950105810049|adults_2550_male_urban.json|546548f8218395ab46ba18552c29019e|2025-04-03|22:18:53|1743711533|shopping_net|930.17|1|fraud_Schumm PLC|36.391901|-80.759400
479-94-0888|4065133387262473|David|Leblanc|M|108 Tanya Terrace Apt. 267|Rockwell|NC|28138|35.5494|-80.4226|10495|Quarry manager|1983-12-27|950105810049|adults_2550_male_urban.json|245b0f707a24804731c003bd2206b86d|2025-04-03|22:26:21|1743711981|shopping_net|813.59|1|fraud_Stanton, Jakubowski and Baumbach|36.255278|-80.647298
479-94-0888|4065133387262473|David|Leblanc|M|108 Tanya Terrace Apt. 267|Rockwell|NC|28138|35.5494|-80.4226|10495|Quarry manager|1983-12-27|950105810049|adults_2550_male_urban.json|439023d670c6e7c717d2a3e5294f596c|2025-04-03|23:29:09|1743715749|shopping_net|510.60|1|fraud_Reichert, Shanahan and Hayes|36.369406|-80.640658
479-94-0888|4065133387262473|David|Leblanc|M|108 Tanya Terrace Apt. 267|Rockwell|NC|28138|35.5494|-80.4226|10495|Quarry manager|1983-12-27|950105810049|adults_2550_male_urban.json|56daf70967a2fb09aa128b214d952f86|2025-03-06|08:10:37|1741245037|gas_transport|70.52|0|fraud_Brekke and Sons|34.770522|-81.307026
479-94-0888|4065133387262473|David|Leblanc|M|108 Tanya Terrace Apt. 267|Rockwell|NC|28138|35.5494|-80.4226|10495|Quarry manager|1983-12-27|950105810049|adults_2550_male_urban.json|7aef6ef7ad4a5cdd1a820661f3a1ab8b|2025-03-05|05:50:24|1741150224|gas_transport|57.93|0|fraud_Sporer Inc|35.023574|-81.273556
479-94-0888|4065133387262473|David|Leblanc|M|108 Tanya Terrace Apt. 267|Rockwell|NC|28138|35.5494|-80.4226|10495|Quarry manager|1983-12-27|950105810049|adults_2550_male_urban.json|e2da12540b93813904922f005a59c1f6|2025-03-09|07:17:05|1741501025|gas_transport|60.35|0|fraud_Kuvalis Ltd|35.223287|-80.462135
479-94-0888|4065133387262473|David|Leblanc|M|108 Tanya Terrace Apt. 267|Rockwell|NC|28138|35.5494|-80.4226|10495|Quarry manager|1983-12-27|950105810049|adults_2550_male_urban.json|9acdce1688ea980a4b9c6e63218fa283|2025-03-08|09:27:18|1741422438|gas_transport|44.31|0|fraud_Cummings LLC|36.522461|-79.685902
479-94-0888|4065133387262473|David|Leblanc|M|108 Tanya Terrace Apt. 267|Rockwell|NC|28138|35.5494|-80.4226|10495|Quarry manager|1983-12-27|950105810049|adults_2550_male_urban.json|ca20a55000309546c09daafbae706233|2025-03-05|00:31:05|1741131065|gas_transport|110.69|0|fraud_Schmitt Inc|35.494076|-80.831019
479-94-0888|4065133387262473|David|Leblanc|M|108 Tanya Terrace Apt. 267|Rockwell|NC|28138|35.5494|-80.4226|10495|Quarry manager|1983-12-27|950105810049|adults_2550_male_urban.json|d83190a41c58f1ca8fb46e4d761d5591|2025-03-06|11:49:11|1741258151|gas_transport|65.15|0|fraud_Cummings LLC|35.749879|-81.421358
479-94-0888|4065133387262473|David|Leblanc|M|108 Tanya Terrace Apt. 267|Rockwell|NC|28138|35.5494|-80.4226|10495|Quarry manager|1983-12-27|950105810049|adults_2550_male_urban.json|a360a88a1fe4fb06af9110a204ed37e9|2025-03-07|00:21:08|1741303268|gas_transport|58.86|0|fraud_Raynor, Feest and Miller|36.020742|-80.928437
479-94-0888|4065133387262473|David|Leblanc|M|108 Tanya Terrace Apt. 267|Rockwell|NC|28138|35.5494|-80.4226|10495|Quarry manager|1983-12-27|950105810049|adults_2550_male_urban.json|8b787bba4aabadab1f0fc5654591697b|2025-03-19|00:49:30|1742341770|grocery_pos|84.11|0|fraud_Goodwin-Nitzsche|34.690359|-79.925937
479-94-0888|4065133387262473|David|Leblanc|M|108 Tanya Terrace Apt. 267|Rockwell|NC|28138|35.5494|-80.4226|10495|Quarry manager|1983-12-27|950105810049|adults_2550_male_urban.json|fbc8e00196a5ecb186b8d71fb13e1a16|2025-03-01|06:10:38|1740805838|gas_transport|63.76|0|fraud_Prohaska-Murray|35.451670|-80.802794
479-94-0888|4065133387262473|David|Leblanc|M|108 Tanya Terrace Apt. 267|Rockwell|NC|28138|35.5494|-80.4226|10495|Quarry manager|1983-12-27|950105810049|adults_2550_male_urban.json|9c1041327837a74b48e68b4ef3683714|2025-03-20|09:19:24|1742458764|grocery_pos|109.81|0|fraud_Pacocha-O'Reilly|35.110851|-79.450608
479-94-0888|4065133387262473|David|Leblanc|M|108 Tanya Terrace Apt. 267|Rockwell|NC|28138|35.5494|-80.4226|10495|Quarry manager|1983-12-27|950105810049|adults_2550_male_urban.json|88f67973ccc1f7a77fa3e061c205ccf4|2025-03-16|07:56:59|1742108219|grocery_pos|47.98|0|fraud_Bauch-Raynor|35.843561|-80.114075
479-94-0888|4065133387262473|David|Leblanc|M|108 Tanya Terrace Apt. 267|Rockwell|NC|28138|35.5494|-80.4226|10495|Quarry manager|1983-12-27|950105810049|adults_2550_male_urban.json|3ab3ddd9633343a72aedb9142177104f|2025-03-10|03:47:35|1741574855|grocery_net|78.66|0|fraud_Roob LLC|36.441015|-80.751562
479-94-0888|4065133387262473|David|Leblanc|M|108 Tanya Terrace Apt. 267|Rockwell|NC|28138|35.5494|-80.4226|10495|Quarry manager|1983-12-27|950105810049|adults_2550_male_urban.json|08b9eee0d0eba4ebdd4a9c8a59ef76a3|2025-03-14|06:23:09|1741929789|grocery_net|99.29|0|fraud_Kling-Grant|35.757750|-80.385616
479-94-0888|4065133387262473|David|Leblanc|M|108 Tanya Terrace Apt. 267|Rockwell|NC|28138|35.5494|-80.4226|10495|Quarry manager|1983-12-27|950105810049|adults_2550_male_urban.json|d72987f4e904d13860a24319e984a0b3|2025-03-23|10:44:57|1742723097|grocery_pos|96.09|0|fraud_Hudson-Ratke|35.895441|-80.565703
479-94-0888|4065133387262473|David|Leblanc|M|108 Tanya Terrace Apt. 267|Rockwell|NC|28138|35.5494|-80.4226|10495|Quarry manager|1983-12-27|950105810049|adults_2550_male_urban.json|70695418f05e3bf4fb06501b14b3187c|2025-03-15|04:13:14|1742008394|grocery_net|61.32|0|fraud_Kohler, Lindgren and Koelpin|36.206970|-81.240333
479-94-0888|4065133387262473|David|Leblanc|M|108 Tanya Terrace Apt. 267|Rockwell|NC|28138|35.5494|-80.4226|10495|Quarry manager|1983-12-27|950105810049|adults_2550_male_urban.json|00da276a0edea5e5db32c14728a73f33|2025-03-02|00:56:38|1740873398|gas_transport|50.13|0|fraud_Huels-Nolan|35.062860|-81.102028
479-94-0888|4065133387262473|David|Leblanc|M|108 Tanya Terrace Apt. 267|Rockwell|NC|28138|35.5494|-80.4226|10495|Quarry manager|1983-12-27|950105810049|adults_2550_male_urban.json|96d3e3fdfb52095b9f18e2eb4e7a3101|2025-03-12|06:56:06|1741758966|grocery_net|77.93|0|fraud_Runolfsson and Sons|34.554926|-80.356464
479-94-0888|4065133387262473|David|Leblanc|M|108 Tanya Terrace Apt. 267|Rockwell|NC|28138|35.5494|-80.4226|10495|Quarry manager|1983-12-27|950105810049|adults_2550_male_urban.json|527a2d50e62179713ab4e457a0f198ad|2025-03-26|01:38:01|1742949481|misc_net|60.62|0|fraud_Dach-Nader|35.763729|-79.844276
479-94-0888|4065133387262473|David|Leblanc|M|108 Tanya Terrace Apt. 267|Rockwell|NC|28138|35.5494|-80.4226|10495|Quarry manager|1983-12-27|950105810049|adults_2550_male_urban.json|2569de1fe8eed5ce754f19bf0b6c7e03|2025-03-17|00:33:29|1742168009|grocery_pos|53.42|0|fraud_Schamberger-O'Keefe|34.552111|-79.877163
479-94-0888|4065133387262473|David|Leblanc|M|108 Tanya Terrace Apt. 267|Rockwell|NC|28138|35.5494|-80.4226|10495|Quarry manager|1983-12-27|950105810049|adults_2550_male_urban.json|78a0f48f2ed8574b27089b5ccc76ee94|2025-03-03|06:01:03|1740978063|gas_transport|53.20|0|fraud_Bins-Rice|36.198155|-80.441428
479-94-0888|4065133387262473|David|Leblanc|M|108 Tanya Terrace Apt. 267|Rockwell|NC|28138|35.5494|-80.4226|10495|Quarry manager|1983-12-27|950105810049|adults_2550_male_urban.json|a33091de898f4b95090ea75ec2f6f057|2025-03-12|01:38:49|1741739929|grocery_net|68.95|0|fraud_Rempel PLC|35.440851|-79.779151
479-94-0888|4065133387262473|David|Leblanc|M|108 Tanya Terrace Apt. 267|Rockwell|NC|28138|35.5494|-80.4226|10495|Quarry manager|1983-12-27|950105810049|adults_2550_male_urban.json|ee48478d0b2a2f9cbf05334f2985d5d5|2025-03-15|01:46:34|1741999594|grocery_net|26.51|0|fraud_Morar Inc|35.311437|-81.078646
479-94-0888|4065133387262473|David|Leblanc|M|108 Tanya Terrace Apt. 267|Rockwell|NC|28138|35.5494|-80.4226|10495|Quarry manager|1983-12-27|950105810049|adults_2550_male_urban.json|ee795efecb6714d35f2704c43237bcc1|2025-03-24|03:02:11|1742781731|misc_net|65.75|0|fraud_Ruecker Group|34.999657|-79.556345
479-94-0888|4065133387262473|David|Leblanc|M|108 Tanya Terrace Apt. 267|Rockwell|NC|28138|35.5494|-80.4226|10495|Quarry manager|1983-12-27|950105810049|adults_2550_male_urban.json|ac6d91c3309aa2095a078c5f7e6ede39|2025-03-02|05:04:36|1740888276|gas_transport|22.95|0|fraud_Erdman-Kertzmann|36.523667|-80.248732
479-94-0888|4065133387262473|David|Leblanc|M|108 Tanya Terrace Apt. 267|Rockwell|NC|28138|35.5494|-80.4226|10495|Quarry manager|1983-12-27|950105810049|adults_2550_male_urban.json|39e43abde34639aab5ef00ed571a91e4|2025-03-15|05:58:19|1742014699|grocery_pos|25.06|0|fraud_Strosin-Cruickshank|35.497252|-80.205425
479-94-0888|4065133387262473|David|Leblanc|M|108 Tanya Terrace Apt. 267|Rockwell|NC|28138|35.5494|-80.4226|10495|Quarry manager|1983-12-27|950105810049|adults_2550_male_urban.json|5011f18d4b1bb835e5754fd9be42d198|2025-03-22|00:26:00|1742599560|grocery_pos|61.12|0|fraud_Schamberger-O'Keefe|34.905165|-79.526192
479-94-0888|4065133387262473|David|Leblanc|M|108 Tanya Terrace Apt. 267|Rockwell|NC|28138|35.5494|-80.4226|10495|Quarry manager|1983-12-27|950105810049|adults_2550_male_urban.json|ab987b54e0661e91b62ca780309ae404|2025-03-17|10:42:04|1742204524|grocery_pos|44.05|0|fraud_Mosciski, Gislason and Mertz|34.983955|-79.616426
479-94-0888|4065133387262473|David|Leblanc|M|108 Tanya Terrace Apt. 267|Rockwell|NC|28138|35.5494|-80.4226|10495|Quarry manager|1983-12-27|950105810049|adults_2550_male_urban.json|cb7c1127ebab4cec6d168494c89cf827|2025-03-14|05:51:53|1741927913|grocery_net|23.46|0|fraud_Kohler, Lindgren and Koelpin|35.334732|-80.033286
479-94-0888|4065133387262473|David|Leblanc|M|108 Tanya Terrace Apt. 267|Rockwell|NC|28138|35.5494|-80.4226|10495|Quarry manager|1983-12-27|950105810049|adults_2550_male_urban.json|90f6b950b1d555de6ddf523869576077|2025-03-08|00:45:02|1741391102|gas_transport|72.72|0|fraud_Raynor, Feest and Miller|35.462831|-80.186095
479-94-0888|4065133387262473|David|Leblanc|M|108 Tanya Terrace Apt. 267|Rockwell|NC|28138|35.5494|-80.4226|10495|Quarry manager|1983-12-27|950105810049|adults_2550_male_urban.json|d8be56c4adfa6698101e3e71c0cf9c65|2025-03-28|02:33:09|1743125589|misc_net|58.62|0|fraud_Jaskolski-Vandervort|34.901802|-80.661796
479-94-0888|4065133387262473|David|Leblanc|M|108 Tanya Terrace Apt. 267|Rockwell|NC|28138|35.5494|-80.4226|10495|Quarry manager|1983-12-27|950105810049|adults_2550_male_urban.json|2da44133a7b3aeb4cfec8b0855bf7cec|2025-03-22|05:36:09|1742618169|grocery_pos|33.86|0|fraud_Schultz, Simonis and Little|34.739139|-80.523959
479-94-0888|4065133387262473|David|Leblanc|M|108 Tanya Terrace Apt. 267|Rockwell|NC|28138|35.5494|-80.4226|10495|Quarry manager|1983-12-27|950105810049|adults_2550_male_urban.json|62764fb536e14d9c91dc19690349df7b|2025-03-02|02:02:20|1740877340|gas_transport|61.35|0|fraud_Parisian and Sons|35.144138|-80.252168
479-94-0888|4065133387262473|David|Leblanc|M|108 Tanya Terrace Apt. 267|Rockwell|NC|28138|35.5494|-80.4226|10495|Quarry manager|1983-12-27|950105810049|adults_2550_male_urban.json|c064f2ea1f772216f2b6b8f86bfd59c5|2025-03-16|07:34:41|1742106881|grocery_pos|99.76|0|fraud_Padberg-Welch|36.049748|-81.329000
479-94-0888|4065133387262473|David|Leblanc|M|108 Tanya Terrace Apt. 267|Rockwell|NC|28138|35.5494|-80.4226|10495|Quarry manager|1983-12-27|950105810049|adults_2550_male_urban.json|fba2ebd546a2c5388cbda3c5b13bb8c0|2025-03-28|09:40:33|1743151233|misc_net|74.00|0|fraud_Zemlak Group|34.926541|-80.271238
479-94-0888|4065133387262473|David|Leblanc|M|108 Tanya Terrace Apt. 267|Rockwell|NC|28138|35.5494|-80.4226|10495|Quarry manager|1983-12-27|950105810049|adults_2550_male_urban.json|c69e4740b25e0bd162a1f411244b5b1f|2025-03-23|11:54:50|1742727290|grocery_pos|67.27|0|fraud_Schultz, Simonis and Little|35.342352|-80.619452
479-94-0888|4065133387262473|David|Leblanc|M|108 Tanya Terrace Apt. 267|Rockwell|NC|28138|35.5494|-80.4226|10495|Quarry manager|1983-12-27|950105810049|adults_2550_male_urban.json|927d22309086dd23504a5b0aa8497d50|2025-03-28|04:50:56|1743133856|misc_net|56.06|0|fraud_Lebsack and Sons|35.582095|-80.126448
479-94-0888|4065133387262473|David|Leblanc|M|108 Tanya Terrace Apt. 267|Rockwell|NC|28138|35.5494|-80.4226|10495|Quarry manager|1983-12-27|950105810049|adults_2550_male_urban.json|8520a384fff06c247f503bf5293ce869|2025-03-14|00:16:47|1741907807|grocery_net|74.83|0|fraud_Collier Inc|35.362456|-80.709877
479-94-0888|4065133387262473|David|Leblanc|M|108 Tanya Terrace Apt. 267|Rockwell|NC|28138|35.5494|-80.4226|10495|Quarry manager|1983-12-27|950105810049|adults_2550_male_urban.json|f5a122b55c9711004a5562c529dfa34a|2025-03-01|08:59:07|1740815947|gas_transport|67.90|0|fraud_Jenkins, Hauck and Friesen|35.763805|-79.798617
479-94-0888|4065133387262473|David|Leblanc|M|108 Tanya Terrace Apt. 267|Rockwell|NC|28138|35.5494|-80.4226|10495|Quarry manager|1983-12-27|950105810049|adults_2550_male_urban.json|3b740458c48064a419900e260f2f2f01|2025-03-11|05:04:07|1741665847|grocery_net|45.39|0|fraud_Runolfsson and Sons|35.105423|-80.726768
479-94-0888|4065133387262473|David|Leblanc|M|108 Tanya Terrace Apt. 267|Rockwell|NC|28138|35.5494|-80.4226|10495|Quarry manager|1983-12-27|950105810049|adults_2550_male_urban.json|ad1682a83a55e425642890fb3a78914e|2025-03-24|10:14:57|1742807697|misc_net|55.35|0|fraud_Bogisich-Homenick|35.707534|-81.125696
479-94-0888|4065133387262473|David|Leblanc|M|108 Tanya Terrace Apt. 267|Rockwell|NC|28138|35.5494|-80.4226|10495|Quarry manager|1983-12-27|950105810049|adults_2550_male_urban.json|730d86de99ea5b5d48ed5b0ab7431a7f|2025-03-07|00:09:23|1741302563|gas_transport|85.82|0|fraud_Bins-Rice|36.300167|-79.881830
479-94-0888|4065133387262473|David|Leblanc|M|108 Tanya Terrace Apt. 267|Rockwell|NC|28138|35.5494|-80.4226|10495|Quarry manager|1983-12-27|950105810049|adults_2550_male_urban.json|0000b29b7318d05340bafe9b7f7638a6|2025-03-14|08:32:17|1741937537|grocery_net|16.41|0|fraud_Kohler, Lindgren and Koelpin|34.643830|-80.584745
479-94-0888|4065133387262473|David|Leblanc|M|108 Tanya Terrace Apt. 267|Rockwell|NC|28138|35.5494|-80.4226|10495|Quarry manager|1983-12-27|950105810049|adults_2550_male_urban.json|28bf9e06133b7140bfd3fe25beb7bd75|2025-03-26|08:00:20|1742972420|misc_net|66.30|0|fraud_Moore, Dibbert and Koepp|34.586949|-81.233101
479-94-0888|4065133387262473|David|Leblanc|M|108 Tanya Terrace Apt. 267|Rockwell|NC|28138|35.5494|-80.4226|10495|Quarry manager|1983-12-27|950105810049|adults_2550_male_urban.json|718e75035a42ac7431a62cd09c5d8cc7|2025-03-02|09:34:11|1740904451|gas_transport|42.36|0|fraud_Friesen-D'Amore|35.128192|-80.290505
479-94-0888|4065133387262473|David|Leblanc|M|108 Tanya Terrace Apt. 267|Rockwell|NC|28138|35.5494|-80.4226|10495|Quarry manager|1983-12-27|950105810049|adults_2550_male_urban.json|588cc842b2a56b871308dfa1c6d69866|2025-03-20|00:03:44|1742425424|grocery_pos|65.51|0|fraud_Bailey-Morar|36.393836|-80.514313
479-94-0888|4065133387262473|David|Leblanc|M|108 Tanya Terrace Apt. 267|Rockwell|NC|28138|35.5494|-80.4226|10495|Quarry manager|1983-12-27|950105810049|adults_2550_male_urban.json|8c7690910ad5308513d276d64c67a778|2025-03-04|02:06:37|1741050397|gas_transport|68.83|0|fraud_Rodriguez Group|36.306294|-81.221876
479-94-0888|4065133387262473|David|Leblanc|M|108 Tanya Terrace Apt. 267|Rockwell|NC|28138|35.5494|-80.4226|10495|Quarry manager|1983-12-27|950105810049|adults_2550_male_urban.json|b52e52e3e0574ceb79dcef9b8506170e|2025-03-04|07:13:16|1741068796|gas_transport|5.03|0|fraud_Stroman, Hudson and Erdman|36.188039|-81.367108
479-94-0888|4065133387262473|David|Leblanc|M|108 Tanya Terrace Apt. 267|Rockwell|NC|28138|35.5494|-80.4226|10495|Quarry manager|1983-12-27|950105810049|adults_2550_male_urban.json|5ed92344840bfd02ae78824e203b9096|2025-03-13|05:22:02|1741839722|grocery_net|6.53|0|fraud_Johnston, Nikolaus and Maggio|34.795125|-80.247797
479-94-0888|4065133387262473|David|Leblanc|M|108 Tanya Terrace Apt. 267|Rockwell|NC|28138|35.5494|-80.4226|10495|Quarry manager|1983-12-27|950105810049|adults_2550_male_urban.json|06fc8413ea7989f25bd9dc0ec35ec63a|2025-03-23|00:57:02|1742687822|grocery_pos|166.51|0|fraud_O'Keefe-Hudson|35.113914|-81.368931
479-94-0888|4065133387262473|David|Leblanc|M|108 Tanya Terrace Apt. 267|Rockwell|NC|28138|35.5494|-80.4226|10495|Quarry manager|1983-12-27|950105810049|adults_2550_male_urban.json|ef2f258fe14cbb6aab31625e012e71e7|2025-03-07|06:05:05|1741323905|gas_transport|5.51|0|fraud_Kuvalis Ltd|35.096255|-80.261653
479-94-0888|4065133387262473|David|Leblanc|M|108 Tanya Terrace Apt. 267|Rockwell|NC|28138|35.5494|-80.4226|10495|Quarry manager|1983-12-27|950105810049|adults_2550_male_urban.json|715a73163a7d283d4f5c017dc5061701|2025-03-03|01:43:12|1740962592|gas_transport|1.50|0|fraud_Conroy-Cruickshank|35.578196|-80.312200
479-94-0888|4065133387262473|David|Leblanc|M|108 Tanya Terrace Apt. 267|Rockwell|NC|28138|35.5494|-80.4226|10495|Quarry manager|1983-12-27|950105810049|adults_2550_male_urban.json|cb2f1fa9813d62c58f5005ea1bf0308a|2025-03-01|08:02:03|1740812523|gas_transport|6.53|0|fraud_Kutch LLC|34.622245|-80.813349
479-94-0888|4065133387262473|David|Leblanc|M|108 Tanya Terrace Apt. 267|Rockwell|NC|28138|35.5494|-80.4226|10495|Quarry manager|1983-12-27|950105810049|adults_2550_male_urban.json|7cc24e6d117b3b73cfc5584066ffc169|2025-03-22|07:08:32|1742623712|grocery_pos|7.38|0|fraud_Koepp-Parker|35.562825|-79.851002
479-94-0888|4065133387262473|David|Leblanc|M|108 Tanya Terrace Apt. 267|Rockwell|NC|28138|35.5494|-80.4226|10495|Quarry manager|1983-12-27|950105810049|adults_2550_male_urban.json|202859064b1d8414a1514b8734cc62c9|2025-03-25|10:48:58|1742896138|misc_net|41.19|0|fraud_Bogisich-Homenick|35.265591|-79.996980
479-94-0888|4065133387262473|David|Leblanc|M|108 Tanya Terrace Apt. 267|Rockwell|NC|28138|35.5494|-80.4226|10495|Quarry manager|1983-12-27|950105810049|adults_2550_male_urban.json|9f0b8e75087984795a2c97133031cc58|2025-04-11|12:52:21|1744368741|shopping_pos|49.49|0|fraud_Jewess LLC|36.366371|-79.729270
479-94-0888|4065133387262473|David|Leblanc|M|108 Tanya Terrace Apt. 267|Rockwell|NC|28138|35.5494|-80.4226|10495|Quarry manager|1983-12-27|950105810049|adults_2550_male_urban.json|e7349d1522abd3c075e87cdf37003763|2025-05-06|13:57:50|1746532670|health_fitness|528.55|0|fraud_Fadel-Hilpert|36.228865|-80.166124
479-94-0888|4065133387262473|David|Leblanc|M|108 Tanya Terrace Apt. 267|Rockwell|NC|28138|35.5494|-80.4226|10495|Quarry manager|1983-12-27|950105810049|adults_2550_male_urban.json|029aee1faaec11042f0467abcbac3a7f|2025-05-05|18:19:52|1746461992|health_fitness|1.39|0|fraud_Jacobi Inc|34.570438|-80.912481
479-94-0888|4065133387262473|David|Leblanc|M|108 Tanya Terrace Apt. 267|Rockwell|NC|28138|35.5494|-80.4226|10495|Quarry manager|1983-12-27|950105810049|adults_2550_male_urban.json|02968223e6fbfc05bf4382c1ccde02fd|2025-05-21|22:35:53|1747859753|kids_pets|23.78|0|fraud_Hauck, Dietrich and Funk|34.565578|-80.437576
479-94-0888|4065133387262473|David|Leblanc|M|108 Tanya Terrace Apt. 267|Rockwell|NC|28138|35.5494|-80.4226|10495|Quarry manager|1983-12-27|950105810049|adults_2550_male_urban.json|3aef6e5383908ab9886e034b9315224b|2025-05-10|14:31:50|1746880310|home|2.83|0|fraud_Denesik, Powlowski and Pouros|35.274480|-80.895888
479-94-0888|4065133387262473|David|Leblanc|M|108 Tanya Terrace Apt. 267|Rockwell|NC|28138|35.5494|-80.4226|10495|Quarry manager|1983-12-27|950105810049|adults_2550_male_urban.json|f7c195926716884ca34530ed36b2391d|2025-05-07|18:25:24|1746635124|health_fitness|31.48|0|fraud_Kub-Heaney|36.060685|-79.804983
479-94-0888|4065133387262473|David|Leblanc|M|108 Tanya Terrace Apt. 267|Rockwell|NC|28138|35.5494|-80.4226|10495|Quarry manager|1983-12-27|950105810049|adults_2550_male_urban.json|88562b46bb6418c8c0a9de527b8db3f1|2025-05-09|19:01:54|1746810114|home|6.89|0|fraud_Lynch-Wisozk|34.788863|-80.962289
479-94-0888|4065133387262473|David|Leblanc|M|108 Tanya Terrace Apt. 267|Rockwell|NC|28138|35.5494|-80.4226|10495|Quarry manager|1983-12-27|950105810049|adults_2550_male_urban.json|44eb821d01e2cdd664c94ed01ce54f01|2025-04-18|20:36:01|1745001361|shopping_pos|9.54|0|fraud_Kihn Inc|36.544491|-80.820772
479-94-0888|4065133387262473|David|Leblanc|M|108 Tanya Terrace Apt. 267|Rockwell|NC|28138|35.5494|-80.4226|10495|Quarry manager|1983-12-27|950105810049|adults_2550_male_urban.json|a822c1a77510006949c49cea8becf269|2025-05-16|20:35:21|1747420521|home|5.16|0|fraud_Denesik, Powlowski and Pouros|34.987639|-80.149632
479-94-0888|4065133387262473|David|Leblanc|M|108 Tanya Terrace Apt. 267|Rockwell|NC|28138|35.5494|-80.4226|10495|Quarry manager|1983-12-27|950105810049|adults_2550_male_urban.json|328a78ba76334fb38cb174837dc77ca3|2025-04-04|23:52:01|1743803521|misc_pos|7.41|0|fraud_Spencer-Runolfsson|36.234288|-80.295452
479-94-0888|4065133387262473|David|Leblanc|M|108 Tanya Terrace Apt. 267|Rockwell|NC|28138|35.5494|-80.4226|10495|Quarry manager|1983-12-27|950105810049|adults_2550_male_urban.json|872e50b28b177656f3c433d76cc3d922|2025-04-13|18:27:49|1744561669|shopping_pos|4.62|0|fraud_Torphy-Goyette|36.109465|-81.169425
479-94-0888|4065133387262473|David|Leblanc|M|108 Tanya Terrace Apt. 267|Rockwell|NC|28138|35.5494|-80.4226|10495|Quarry manager|1983-12-27|950105810049|adults_2550_male_urban.json|d3558b277e6ef83e037c74890f9f1f94|2025-04-28|16:24:35|1745850275|food_dining|577.23|0|fraud_Abernathy and Sons|34.910631|-81.322045
479-94-0888|4065133387262473|David|Leblanc|M|108 Tanya Terrace Apt. 267|Rockwell|NC|28138|35.5494|-80.4226|10495|Quarry manager|1983-12-27|950105810049|adults_2550_male_urban.json|5ff8b4b2b4bf92260476cf932ac0ed67|2025-03-31|15:33:39|1743428019|misc_pos|4.51|0|fraud_Simonis-Prohaska|35.986327|-81.040588
479-94-0888|4065133387262473|David|Leblanc|M|108 Tanya Terrace Apt. 267|Rockwell|NC|28138|35.5494|-80.4226|10495|Quarry manager|1983-12-27|950105810049|adults_2550_male_urban.json|b78de5a8955ae00c19705fbdb16464f2|2025-04-16|17:54:59|1744818899|shopping_pos|59.77|0|fraud_Beier-Hyatt|36.394385|-79.946529
479-94-0888|4065133387262473|David|Leblanc|M|108 Tanya Terrace Apt. 267|Rockwell|NC|28138|35.5494|-80.4226|10495|Quarry manager|1983-12-27|950105810049|adults_2550_male_urban.json|231934413c9cee7e896ed8af2b513e0e|2025-03-29|19:20:09|1743272409|misc_pos|7.40|0|fraud_Monahan, Bogisich and Ledner|35.628470|-80.672899
479-94-0888|4065133387262473|David|Leblanc|M|108 Tanya Terrace Apt. 267|Rockwell|NC|28138|35.5494|-80.4226|10495|Quarry manager|1983-12-27|950105810049|adults_2550_male_urban.json|565cbdead7478ea1970f3c296ab22fed|2025-04-10|19:31:36|1744306296|shopping_net|5.88|0|fraud_Volkman-Predovic|34.850298|-79.517559
479-94-0888|4065133387262473|David|Leblanc|M|108 Tanya Terrace Apt. 267|Rockwell|NC|28138|35.5494|-80.4226|10495|Quarry manager|1983-12-27|950105810049|adults_2550_male_urban.json|c2d3510d39aa0789f791ee1ed7584fa0|2025-04-18|17:08:37|1744988917|shopping_pos|7.89|0|fraud_Pacocha-Bauch|36.120949|-80.018315
479-94-0888|4065133387262473|David|Leblanc|M|108 Tanya Terrace Apt. 267|Rockwell|NC|28138|35.5494|-80.4226|10495|Quarry manager|1983-12-27|950105810049|adults_2550_male_urban.json|a25f9de20a9ee347e565d187fb412b97|2025-04-29|22:22:14|1745958134|food_dining|6.90|0|fraud_Kilback LLC|35.325333|-81.185181
479-94-0888|4065133387262473|David|Leblanc|M|108 Tanya Terrace Apt. 267|Rockwell|NC|28138|35.5494|-80.4226|10495|Quarry manager|1983-12-27|950105810049|adults_2550_male_urban.json|9b0e554ddbb1c924227858304f8c3c76|2025-05-05|14:24:20|1746447860|health_fitness|17.90|0|fraud_Waters-Cruickshank|35.128175|-80.823261
479-94-0888|4065133387262473|David|Leblanc|M|108 Tanya Terrace Apt. 267|Rockwell|NC|28138|35.5494|-80.4226|10495|Quarry manager|1983-12-27|950105810049|adults_2550_male_urban.json|c5e249233b256d8ef0c1079716d098c1|2025-04-22|23:52:48|1745358768|entertainment|6.66|0|fraud_Effertz LLC|36.428602|-80.573951
479-94-0888|4065133387262473|David|Leblanc|M|108 Tanya Terrace Apt. 267|Rockwell|NC|28138|35.5494|-80.4226|10495|Quarry manager|1983-12-27|950105810049|adults_2550_male_urban.json|558d19cf863b04c4bb19de4aa3d35052|2025-03-31|20:11:49|1743444709|misc_pos|2.29|0|fraud_Keeling-Crist|36.252577|-81.255498
479-94-0888|4065133387262473|David|Leblanc|M|108 Tanya Terrace Apt. 267|Rockwell|NC|28138|35.5494|-80.4226|10495|Quarry manager|1983-12-27|950105810049|adults_2550_male_urban.json|53a3739e24e02b4bff6d02ac45f247de|2025-04-20|18:38:29|1745167109|entertainment|3336.18|0|fraud_Larkin, Stracke and Greenfelder|35.514123|-79.918100
479-94-0888|4065133387262473|David|Leblanc|M|108 Tanya Terrace Apt. 267|Rockwell|NC|28138|35.5494|-80.4226|10495|Quarry manager|1983-12-27|950105810049|adults_2550_male_urban.json|73eecf570e9754ec7b35d55cc069c2d5|2025-04-17|20:47:13|1744915633|shopping_pos|4.62|0|fraud_Jast-McDermott|34.585651|-80.656076
479-94-0888|4065133387262473|David|Leblanc|M|108 Tanya Terrace Apt. 267|Rockwell|NC|28138|35.5494|-80.4226|10495|Quarry manager|1983-12-27|950105810049|adults_2550_male_urban.json|9b8213dbbdeff685065379f7399b554c|2025-05-01|12:24:26|1746095066|food_dining|6.50|0|fraud_Kutch, Steuber and Gerhold|35.593821|-79.770402
479-94-0888|4065133387262473|David|Leblanc|M|108 Tanya Terrace Apt. 267|Rockwell|NC|28138|35.5494|-80.4226|10495|Quarry manager|1983-12-27|950105810049|adults_2550_male_urban.json|03fcc151c45fc20f0c76f917c5c9dbbb|2025-04-23|17:27:05|1745422025|entertainment|5.55|0|fraud_Brown-Greenholt|36.142647|-80.205627
479-94-0888|4065133387262473|David|Leblanc|M|108 Tanya Terrace Apt. 267|Rockwell|NC|28138|35.5494|-80.4226|10495|Quarry manager|1983-12-27|950105810049|adults_2550_male_urban.json|0bb89a887dd097933f6b10ef2dada936|2025-04-16|22:16:40|1744834600|shopping_pos|59.95|0|fraud_Swaniawski, Lowe and Robel|36.548900|-81.145046
479-94-0888|4065133387262473|David|Leblanc|M|108 Tanya Terrace Apt. 267|Rockwell|NC|28138|35.5494|-80.4226|10495|Quarry manager|1983-12-27|950105810049|adults_2550_male_urban.json|1b9da7a1a7d659e644f98c7e97812340|2025-05-21|14:48:38|1747831718|kids_pets|2.20|0|fraud_Rau-Grant|36.133058|-79.477201
479-94-0888|4065133387262473|David|Leblanc|M|108 Tanya Terrace Apt. 267|Rockwell|NC|28138|35.5494|-80.4226|10495|Quarry manager|1983-12-27|950105810049|adults_2550_male_urban.json|ac9e3d55a0a449e7dc7307c73216585f|2025-04-26|21:52:29|1745697149|food_dining|1.92|0|fraud_Bahringer, Osinski and Block|35.211175|-79.654483
479-94-0888|4065133387262473|David|Leblanc|M|108 Tanya Terrace Apt. 267|Rockwell|NC|28138|35.5494|-80.4226|10495|Quarry manager|1983-12-27|950105810049|adults_2550_male_urban.json|d56bf65c1c4585dfccd8de29a3c0ee20|2025-05-21|18:22:25|1747844545|kids_pets|8.99|0|fraud_Weber, Thiel and Hammes|35.922407|-80.577644
479-94-0888|4065133387262473|David|Leblanc|M|108 Tanya Terrace Apt. 267|Rockwell|NC|28138|35.5494|-80.4226|10495|Quarry manager|1983-12-27|950105810049|adults_2550_male_urban.json|412e12aa89a2266fdcaa9c4f8e994ff9|2025-04-12|12:47:00|1744454820|shopping_pos|1072.14|0|fraud_Pagac LLC|36.312228|-79.994057
479-94-0888|4065133387262473|David|Leblanc|M|108 Tanya Terrace Apt. 267|Rockwell|NC|28138|35.5494|-80.4226|10495|Quarry manager|1983-12-27|950105810049|adults_2550_male_urban.json|aba29e6eb7574a6229d723ea85a071e2|2025-04-30|21:10:01|1746040201|food_dining|3.91|0|fraud_Runte-Mohr|35.787808|-80.398392
479-94-0888|4065133387262473|David|Leblanc|M|108 Tanya Terrace Apt. 267|Rockwell|NC|28138|35.5494|-80.4226|10495|Quarry manager|1983-12-27|950105810049|adults_2550_male_urban.json|9906a4bb0ec8743ac40b1c11a3f39266|2025-04-13|14:12:00|1744546320|shopping_pos|8.36|0|fraud_Friesen Inc|35.470919|-80.841296
479-94-0888|4065133387262473|David|Leblanc|M|108 Tanya Terrace Apt. 267|Rockwell|NC|28138|35.5494|-80.4226|10495|Quarry manager|1983-12-27|950105810049|adults_2550_male_urban.json|c709b6372403380ed707c7bb3b6b57a7|2025-05-25|20:02:09|1748196129|personal_care|5.41|0|fraud_Zemlak, Tillman and Cremin|35.747134|-80.038472
479-94-0888|4065133387262473|David|Leblanc|M|108 Tanya Terrace Apt. 267|Rockwell|NC|28138|35.5494|-80.4226|10495|Quarry manager|1983-12-27|950105810049|adults_2550_male_urban.json|2c29981c7f026dd54dd15fa1371c3a8d|2025-04-20|12:27:24|1745144844|entertainment|130.34|0|fraud_Spencer PLC|36.310653|-81.200546
479-94-0888|4065133387262473|David|Leblanc|M|108 Tanya Terrace Apt. 267|Rockwell|NC|28138|35.5494|-80.4226|10495|Quarry manager|1983-12-27|950105810049|adults_2550_male_urban.json|c03725d28e2ee955f203186a97c891f6|2025-04-15|16:08:37|1744726117|shopping_pos|4.43|0|fraud_Morissette PLC|35.390030|-81.093712
479-94-0888|4065133387262473|David|Leblanc|M|108 Tanya Terrace Apt. 267|Rockwell|NC|28138|35.5494|-80.4226|10495|Quarry manager|1983-12-27|950105810049|adults_2550_male_urban.json|a214a7ee642078bb08a46bada19ef50e|2025-05-17|12:13:15|1747476795|home|9.56|0|fraud_Terry Ltd|35.090170|-79.454892
479-94-0888|4065133387262473|David|Leblanc|M|108 Tanya Terrace Apt. 267|Rockwell|NC|28138|35.5494|-80.4226|10495|Quarry manager|1983-12-27|950105810049|adults_2550_male_urban.json|17431f44c069c48abd453fd29628e585|2025-04-05|14:09:09|1743854949|shopping_net|8.11|0|fraud_Rempel Inc|36.050493|-80.803705
479-94-0888|4065133387262473|David|Leblanc|M|108 Tanya Terrace Apt. 267|Rockwell|NC|28138|35.5494|-80.4226|10495|Quarry manager|1983-12-27|950105810049|adults_2550_male_urban.json|15a3688ab717c91f20b3e877e0ab0803|2025-03-31|16:00:42|1743429642|misc_pos|4.50|0|fraud_Balistreri-Nader|36.248086|-80.563200
479-94-0888|4065133387262473|David|Leblanc|M|108 Tanya Terrace Apt. 267|Rockwell|NC|28138|35.5494|-80.4226|10495|Quarry manager|1983-12-27|950105810049|adults_2550_male_urban.json|b152020af16afd5132a17b850c916e51|2025-04-13|22:37:14|1744576634|shopping_pos|9.83|0|fraud_Douglas, Schneider and Turner|35.435263|-81.204207
479-94-0888|4065133387262473|David|Leblanc|M|108 Tanya Terrace Apt. 267|Rockwell|NC|28138|35.5494|-80.4226|10495|Quarry manager|1983-12-27|950105810049|adults_2550_male_urban.json|9339a2e293bc56c33f5386d993a8d7f3|2025-04-10|23:47:51|1744321671|shopping_net|1.48|0|fraud_Langworth, Boehm and Gulgowski|35.740169|-80.538330
479-94-0888|4065133387262473|David|Leblanc|M|108 Tanya Terrace Apt. 267|Rockwell|NC|28138|35.5494|-80.4226|10495|Quarry manager|1983-12-27|950105810049|adults_2550_male_urban.json|63da63ff62335f56b97be29033d0b934|2025-05-15|19:09:16|1747328956|home|1.87|0|fraud_Stark-Koss|35.943286|-80.699099
479-94-0888|4065133387262473|David|Leblanc|M|108 Tanya Terrace Apt. 267|Rockwell|NC|28138|35.5494|-80.4226|10495|Quarry manager|1983-12-27|950105810049|adults_2550_male_urban.json|c2071d4b4492003a14980c6fa39986fc|2025-04-19|14:22:24|1745065344|entertainment|1.70|0|fraud_Upton PLC|36.323939|-79.883446
479-94-0888|4065133387262473|David|Leblanc|M|108 Tanya Terrace Apt. 267|Rockwell|NC|28138|35.5494|-80.4226|10495|Quarry manager|1983-12-27|950105810049|adults_2550_male_urban.json|443ee2a1b83e18d602fadfd979fb82a0|2025-05-06|21:42:15|1746560535|health_fitness|5.83|0|fraud_Schroeder Group|34.589648|-80.896940
479-94-0888|4065133387262473|David|Leblanc|M|108 Tanya Terrace Apt. 267|Rockwell|NC|28138|35.5494|-80.4226|10495|Quarry manager|1983-12-27|950105810049|adults_2550_male_urban.json|b619cc2b7e651937c0728f43170f8552|2025-04-12|16:44:42|1744469082|shopping_pos|5.96|0|fraud_Sawayn PLC|35.095584|-81.320251
479-94-0888|4065133387262473|David|Leblanc|M|108 Tanya Terrace Apt. 267|Rockwell|NC|28138|35.5494|-80.4226|10495|Quarry manager|1983-12-27|950105810049|adults_2550_male_urban.json|82ee981771f05991f197afb6357f3709|2025-04-01|23:31:31|1743543091|misc_pos|6.50|0|fraud_Cremin, Hamill and Reichel|35.150895|-81.146326
479-94-0888|4065133387262473|David|Leblanc|M|108 Tanya Terrace Apt. 267|Rockwell|NC|28138|35.5494|-80.4226|10495|Quarry manager|1983-12-27|950105810049|adults_2550_male_urban.json|80494e989d20efec6e1ff303bc34f00c|2025-05-29|22:21:36|1748550096|travel|4.13|0|fraud_Kovacek Ltd|35.707941|-80.792319
479-94-0888|4065133387262473|David|Leblanc|M|108 Tanya Terrace Apt. 267|Rockwell|NC|28138|35.5494|-80.4226|10495|Quarry manager|1983-12-27|950105810049|adults_2550_male_urban.json|9b36416c84314ddbe9fd914fbbcd5f7d|2025-03-30|16:15:41|1743344141|misc_pos|5.25|0|fraud_Herman Inc|35.830173|-81.174421
479-94-0888|4065133387262473|David|Leblanc|M|108 Tanya Terrace Apt. 267|Rockwell|NC|28138|35.5494|-80.4226|10495|Quarry manager|1983-12-27|950105810049|adults_2550_male_urban.json|a18192513436c66b482e3e7f6d982e7c|2025-04-04|21:58:37|1743796717|misc_pos|13.29|0|fraud_Kemmer-Buckridge|36.358699|-81.307423
479-94-0888|4065133387262473|David|Leblanc|M|108 Tanya Terrace Apt. 267|Rockwell|NC|28138|35.5494|-80.4226|10495|Quarry manager|1983-12-27|950105810049|adults_2550_male_urban.json|38410e552c75080125bf08e724433a84|2025-04-21|21:11:45|1745262705|entertainment|13.73|0|fraud_Larkin, Stracke and Greenfelder|35.770718|-80.880340
479-94-0888|4065133387262473|David|Leblanc|M|108 Tanya Terrace Apt. 267|Rockwell|NC|28138|35.5494|-80.4226|10495|Quarry manager|1983-12-27|950105810049|adults_2550_male_urban.json|21f0184d3067360eb5f6d772430cbd0a|2025-05-02|14:29:30|1746188970|food_dining|2.36|0|fraud_McCullough, Hudson and Schuster|35.534253|-79.944057
479-94-0888|4065133387262473|David|Leblanc|M|108 Tanya Terrace Apt. 267|Rockwell|NC|28138|35.5494|-80.4226|10495|Quarry manager|1983-12-27|950105810049|adults_2550_male_urban.json|4f31a2ed7ff2db1e426ef43bf93c75d0|2025-05-09|14:58:07|1746795487|home|5.69|0|fraud_Berge-Ullrich|36.347420|-79.791570
479-94-0888|4065133387262473|David|Leblanc|M|108 Tanya Terrace Apt. 267|Rockwell|NC|28138|35.5494|-80.4226|10495|Quarry manager|1983-12-27|950105810049|adults_2550_male_urban.json|75fbf8c32cc02859b4bc92592ceba540|2025-05-08|23:43:10|1746740590|health_fitness|95.36|0|fraud_Shields-Wunsch|34.816908|-79.705025
479-94-0888|4065133387262473|David|Leblanc|M|108 Tanya Terrace Apt. 267|Rockwell|NC|28138|35.5494|-80.4226|10495|Quarry manager|1983-12-27|950105810049|adults_2550_male_urban.json|3e477ffaefef6dc0700b4be9dc51b6c8|2025-03-30|14:09:33|1743336573|misc_pos|252.09|0|fraud_Balistreri-Nader|35.969971|-81.117020
479-94-0888|4065133387262473|David|Leblanc|M|108 Tanya Terrace Apt. 267|Rockwell|NC|28138|35.5494|-80.4226|10495|Quarry manager|1983-12-27|950105810049|adults_2550_male_urban.json|895db8762938197c32466e3cc5f58d61|2025-05-28|13:43:20|1748432600|personal_care|89.07|0|fraud_Walter, Hettinger and Kessler|36.168653|-81.164911
479-94-0888|4065133387262473|David|Leblanc|M|108 Tanya Terrace Apt. 267|Rockwell|NC|28138|35.5494|-80.4226|10495|Quarry manager|1983-12-27|950105810049|adults_2550_male_urban.json|c3f08a14dfb7239d00829d4bb873fd22|2025-05-15|23:01:59|1747342919|home|40.04|0|fraud_Lynch-Wisozk|35.414724|-80.701907
479-94-0888|4065133387262473|David|Leblanc|M|108 Tanya Terrace Apt. 267|Rockwell|NC|28138|35.5494|-80.4226|10495|Quarry manager|1983-12-27|950105810049|adults_2550_male_urban.json|184ea325c8602753a0ec2c5001837146|2025-05-28|20:17:53|1748456273|personal_care|167.03|0|fraud_Roberts, Ryan and Smith|34.550555|-79.467992
479-94-0888|4065133387262473|David|Leblanc|M|108 Tanya Terrace Apt. 267|Rockwell|NC|28138|35.5494|-80.4226|10495|Quarry manager|1983-12-27|950105810049|adults_2550_male_urban.json|afdc718358abbf5e7df18081f57c4864|2025-04-10|21:04:31|1744311871|shopping_net|8.71|0|fraud_Stamm-Witting|36.088771|-80.815023
479-94-0888|4065133387262473|David|Leblanc|M|108 Tanya Terrace Apt. 267|Rockwell|NC|28138|35.5494|-80.4226|10495|Quarry manager|1983-12-27|950105810049|adults_2550_male_urban.json|d484235bd615d52569a89232b31c52e3|2025-04-29|15:56:41|1745935001|food_dining|38.33|0|fraud_Konopelski, Schneider and Hartmann|34.923938|-81.211299
479-94-0888|4065133387262473|David|Leblanc|M|108 Tanya Terrace Apt. 267|Rockwell|NC|28138|35.5494|-80.4226|10495|Quarry manager|1983-12-27|950105810049|adults_2550_male_urban.json|243a8ba049a3cb10ab20393b0392a538|2025-05-08|21:47:23|1746733643|health_fitness|13.76|0|fraud_Mueller, Gerhold and Mueller|34.770578|-80.120118
479-94-0888|4065133387262473|David|Leblanc|M|108 Tanya Terrace Apt. 267|Rockwell|NC|28138|35.5494|-80.4226|10495|Quarry manager|1983-12-27|950105810049|adults_2550_male_urban.json|06ff077bbf6dc826763430a13ddbb9bf|2025-04-04|19:48:56|1743788936|misc_pos|18.94|0|fraud_Thiel PLC|35.941778|-80.768975
479-94-0888|4065133387262473|David|Leblanc|M|108 Tanya Terrace Apt. 267|Rockwell|NC|28138|35.5494|-80.4226|10495|Quarry manager|1983-12-27|950105810049|adults_2550_male_urban.json|48afe414810b6384cf9bb5890d439589|2025-05-03|13:20:43|1746271243|health_fitness|72.69|0|fraud_Jacobi Inc|35.183814|-80.494674
479-94-0888|4065133387262473|David|Leblanc|M|108 Tanya Terrace Apt. 267|Rockwell|NC|28138|35.5494|-80.4226|10495|Quarry manager|1983-12-27|950105810049|adults_2550_male_urban.json|c217af8c423c8c4f5873705687b8181b|2025-04-19|20:13:49|1745086429|entertainment|6.75|0|fraud_Stark-Batz|36.404465|-80.678506
479-94-0888|4065133387262473|David|Leblanc|M|108 Tanya Terrace Apt. 267|Rockwell|NC|28138|35.5494|-80.4226|10495|Quarry manager|1983-12-27|950105810049|adults_2550_male_urban.json|b712ce099fbbedf4fe75cd24d2fcbb8f|2025-05-05|19:18:42|1746465522|health_fitness|16.05|0|fraud_Swaniawski, Nitzsche and Welch|35.811130|-80.030800
479-94-0888|4065133387262473|David|Leblanc|M|108 Tanya Terrace Apt. 267|Rockwell|NC|28138|35.5494|-80.4226|10495|Quarry manager|1983-12-27|950105810049|adults_2550_male_urban.json|5553f2cfb7ef2fe6a242227d36711a57|2025-04-04|12:56:46|1743764206|misc_pos|2.48|0|fraud_Howe Ltd|35.863438|-81.388303
479-94-0888|4065133387262473|David|Leblanc|M|108 Tanya Terrace Apt. 267|Rockwell|NC|28138|35.5494|-80.4226|10495|Quarry manager|1983-12-27|950105810049|adults_2550_male_urban.json|0fc907bcef7d0b32625655039173758b|2025-03-29|15:53:24|1743260004|misc_pos|9.93|0|fraud_Thiel PLC|34.829084|-80.295086
479-94-0888|4065133387262473|David|Leblanc|M|108 Tanya Terrace Apt. 267|Rockwell|NC|28138|35.5494|-80.4226|10495|Quarry manager|1983-12-27|950105810049|adults_2550_male_urban.json|41652b11b21e2a8113a89fca345bdf6a|2025-04-21|22:28:47|1745267327|entertainment|1.86|0|fraud_Effertz LLC|35.145922|-80.242083
479-94-0888|4065133387262473|David|Leblanc|M|108 Tanya Terrace Apt. 267|Rockwell|NC|28138|35.5494|-80.4226|10495|Quarry manager|1983-12-27|950105810049|adults_2550_male_urban.json|9f3e051ca7a82412787c66527f477ab3|2025-05-10|16:31:57|1746887517|home|32.04|0|fraud_Bahringer, Bergnaum and Quitzon|34.760085|-79.561632
479-94-0888|4065133387262473|David|Leblanc|M|108 Tanya Terrace Apt. 267|Rockwell|NC|28138|35.5494|-80.4226|10495|Quarry manager|1983-12-27|950105810049|adults_2550_male_urban.json|342ee257388aba0676383176cedcdae2|2025-05-19|20:39:50|1747679990|kids_pets|49.37|0|fraud_Pouros, Walker and Spencer|34.833560|-80.048639
479-94-0888|4065133387262473|David|Leblanc|M|108 Tanya Terrace Apt. 267|Rockwell|NC|28138|35.5494|-80.4226|10495|Quarry manager|1983-12-27|950105810049|adults_2550_male_urban.json|224a13ceff622c6d21bb4409ae1cf9fb|2025-04-09|19:29:11|1744219751|shopping_net|5.20|0|fraud_Zboncak, Rowe and Murazik|35.468257|-81.208030
479-94-0888|4065133387262473|David|Leblanc|M|108 Tanya Terrace Apt. 267|Rockwell|NC|28138|35.5494|-80.4226|10495|Quarry manager|1983-12-27|950105810049|adults_2550_male_urban.json|5e665b7cf76ba0c0ba33ab7485a563ef|2025-05-27|18:23:56|1748363036|personal_care|72.32|0|fraud_Auer LLC|34.906537|-79.899716
479-94-0888|4065133387262473|David|Leblanc|M|108 Tanya Terrace Apt. 267|Rockwell|NC|28138|35.5494|-80.4226|10495|Quarry manager|1983-12-27|950105810049|adults_2550_male_urban.json|361728cbc1cc85aeb325fca4572b1d21|2025-04-13|17:06:59|1744556819|shopping_pos|38.68|0|fraud_Turner and Sons|35.168323|-80.417578
479-94-0888|4065133387262473|David|Leblanc|M|108 Tanya Terrace Apt. 267|Rockwell|NC|28138|35.5494|-80.4226|10495|Quarry manager|1983-12-27|950105810049|adults_2550_male_urban.json|df7318f476b415e2e98b56579869b064|2025-04-01|20:55:11|1743533711|misc_pos|33.59|0|fraud_Herzog Ltd|36.423122|-79.696924
479-94-0888|4065133387262473|David|Leblanc|M|108 Tanya Terrace Apt. 267|Rockwell|NC|28138|35.5494|-80.4226|10495|Quarry manager|1983-12-27|950105810049|adults_2550_male_urban.json|821111a840248ad22ffd8f4f5b11cc22|2025-05-16|21:25:17|1747423517|home|69.55|0|fraud_O'Connell, Botsford and Hand|36.130969|-79.693544
479-94-0888|4065133387262473|David|Leblanc|M|108 Tanya Terrace Apt. 267|Rockwell|NC|28138|35.5494|-80.4226|10495|Quarry manager|1983-12-27|950105810049|adults_2550_male_urban.json|d1c9c15a8a2117b77b5937244bf9d388|2025-04-27|18:37:16|1745771836|food_dining|31.30|0|fraud_Bahringer-Streich|36.339161|-80.317190
479-94-0888|4065133387262473|David|Leblanc|M|108 Tanya Terrace Apt. 267|Rockwell|NC|28138|35.5494|-80.4226|10495|Quarry manager|1983-12-27|950105810049|adults_2550_male_urban.json|197422cd97f96873aaf113ff03b4a9c9|2025-05-15|20:26:16|1747333576|home|242.48|0|fraud_Medhurst Inc|35.498571|-80.554020
479-94-0888|4065133387262473|David|Leblanc|M|108 Tanya Terrace Apt. 267|Rockwell|NC|28138|35.5494|-80.4226|10495|Quarry manager|1983-12-27|950105810049|adults_2550_male_urban.json|e17cc2c3474a38f4c56a390b9b298ae6|2025-05-25|18:45:36|1748191536|personal_care|17.31|0|fraud_Sporer-Keebler|36.062303|-79.471923
479-94-0888|4065133387262473|David|Leblanc|M|108 Tanya Terrace Apt. 267|Rockwell|NC|28138|35.5494|-80.4226|10495|Quarry manager|1983-12-27|950105810049|adults_2550_male_urban.json|a23a2227e637cd894846fb836e4dc359|2025-05-24|22:31:02|1748118662|kids_pets|52.00|0|fraud_Rau-Robel|34.749394|-80.168826
479-94-0888|4065133387262473|David|Leblanc|M|108 Tanya Terrace Apt. 267|Rockwell|NC|28138|35.5494|-80.4226|10495|Quarry manager|1983-12-27|950105810049|adults_2550_male_urban.json|de30cd8d4f51833d5b2a8a60fb63b96e|2025-04-26|17:53:56|1745682836|food_dining|38.16|0|fraud_Kihn-Schuster|35.459517|-80.986660
479-94-0888|4065133387262473|David|Leblanc|M|108 Tanya Terrace Apt. 267|Rockwell|NC|28138|35.5494|-80.4226|10495|Quarry manager|1983-12-27|950105810049|adults_2550_male_urban.json|f9dced9d0ea4eaa3043b08c0298b0f02|2025-03-29|15:52:36|1743259956|misc_pos|177.25|0|fraud_Yost, Block and Koepp|36.409844|-80.589340
479-94-0888|4065133387262473|David|Leblanc|M|108 Tanya Terrace Apt. 267|Rockwell|NC|28138|35.5494|-80.4226|10495|Quarry manager|1983-12-27|950105810049|adults_2550_male_urban.json|d450a5a0ce7dc302fab73499638d00bd|2025-05-28|23:01:16|1748466076|personal_care|96.31|0|fraud_Medhurst, Cartwright and Ebert|35.913121|-81.414579
479-94-0888|4065133387262473|David|Leblanc|M|108 Tanya Terrace Apt. 267|Rockwell|NC|28138|35.5494|-80.4226|10495|Quarry manager|1983-12-27|950105810049|adults_2550_male_urban.json|2480209e40dd2f21f50c42de186af45e|2025-04-27|14:07:06|1745755626|food_dining|24.87|0|fraud_Zboncak LLC|35.789466|-79.990746
479-94-0888|4065133387262473|David|Leblanc|M|108 Tanya Terrace Apt. 267|Rockwell|NC|28138|35.5494|-80.4226|10495|Quarry manager|1983-12-27|950105810049|adults_2550_male_urban.json|33e348d72a40f3bcbe2ad3615f3653eb|2025-05-03|19:06:34|1746291994|health_fitness|21.32|0|fraud_Klocko, Runolfsdottir and Breitenberg|36.060089|-79.985016
479-94-0888|4065133387262473|David|Leblanc|M|108 Tanya Terrace Apt. 267|Rockwell|NC|28138|35.5494|-80.4226|10495|Quarry manager|1983-12-27|950105810049|adults_2550_male_urban.json|fb0f2f77a437e9550e1707e6ada9e0ff|2025-04-06|21:50:22|1743969022|shopping_net|38.83|0|fraud_Price Inc|35.930025|-81.258003
479-94-0888|4065133387262473|David|Leblanc|M|108 Tanya Terrace Apt. 267|Rockwell|NC|28138|35.5494|-80.4226|10495|Quarry manager|1983-12-27|950105810049|adults_2550_male_urban.json|838038531f561322433c9c4c7403c864|2025-04-19|16:13:09|1745071989|entertainment|33.87|0|fraud_Donnelly LLC|35.087294|-79.427560
479-94-0888|4065133387262473|David|Leblanc|M|108 Tanya Terrace Apt. 267|Rockwell|NC|28138|35.5494|-80.4226|10495|Quarry manager|1983-12-27|950105810049|adults_2550_male_urban.json|6a25153da9a48bba29bf9afb9a9ffda0|2025-05-13|17:31:37|1747150297|home|59.53|0|fraud_Altenwerth-Kilback|34.851299|-79.804893
479-94-0888|4065133387262473|David|Leblanc|M|108 Tanya Terrace Apt. 267|Rockwell|NC|28138|35.5494|-80.4226|10495|Quarry manager|1983-12-27|950105810049|adults_2550_male_urban.json|a4d5f5e6ad0f008f87c0c6206d4ed9ae|2025-05-11|20:42:27|1746988947|home|29.57|0|fraud_Stark-Koss|34.858814|-81.288205
479-94-0888|4065133387262473|David|Leblanc|M|108 Tanya Terrace Apt. 267|Rockwell|NC|28138|35.5494|-80.4226|10495|Quarry manager|1983-12-27|950105810049|adults_2550_male_urban.json|0b701a77a5c89a5e815dfe894d4e047a|2025-05-11|17:30:29|1746977429|home|24.61|0|fraud_Gulgowski LLC|36.015348|-80.782329
479-94-0888|4065133387262473|David|Leblanc|M|108 Tanya Terrace Apt. 267|Rockwell|NC|28138|35.5494|-80.4226|10495|Quarry manager|1983-12-27|950105810049|adults_2550_male_urban.json|6d62f538fe4a12d43913a0ebe8452632|2025-04-11|15:06:13|1744376773|shopping_pos|37.50|0|fraud_Friesen Inc|35.055371|-80.645393
479-94-0888|4065133387262473|David|Leblanc|M|108 Tanya Terrace Apt. 267|Rockwell|NC|28138|35.5494|-80.4226|10495|Quarry manager|1983-12-27|950105810049|adults_2550_male_urban.json|e62333bf9b81ac366aa0a9b8f016dff3|2025-05-02|15:07:40|1746191260|food_dining|88.93|0|fraud_Lakin, Ferry and Beatty|36.496133|-80.802137
479-94-0888|4065133387262473|David|Leblanc|M|108 Tanya Terrace Apt. 267|Rockwell|NC|28138|35.5494|-80.4226|10495|Quarry manager|1983-12-27|950105810049|adults_2550_male_urban.json|83a72ad9304d2256975e740042badc1e|2025-05-08|18:30:46|1746721846|health_fitness|47.34|0|fraud_Erdman-Durgan|34.643682|-81.155101
479-94-0888|4065133387262473|David|Leblanc|M|108 Tanya Terrace Apt. 267|Rockwell|NC|28138|35.5494|-80.4226|10495|Quarry manager|1983-12-27|950105810049|adults_2550_male_urban.json|f410e6c491593d2f59a1581c711b74ea|2025-05-14|20:45:28|1747248328|home|18.42|0|fraud_Berge-Ullrich|34.885154|-81.228324
479-94-0888|4065133387262473|David|Leblanc|M|108 Tanya Terrace Apt. 267|Rockwell|NC|28138|35.5494|-80.4226|10495|Quarry manager|1983-12-27|950105810049|adults_2550_male_urban.json|31d2fb30c985d2c9aff4c5bd55e4d2fe|2025-05-19|16:48:54|1747666134|kids_pets|46.09|0|fraud_Beer-Jast|34.622494|-80.311169
479-94-0888|4065133387262473|David|Leblanc|M|108 Tanya Terrace Apt. 267|Rockwell|NC|28138|35.5494|-80.4226|10495|Quarry manager|1983-12-27|950105810049|adults_2550_male_urban.json|a329fa64ace5566cf1b5f65da5086b31|2025-04-08|15:23:29|1744118609|shopping_net|31.80|0|fraud_Bashirian Group|35.459436|-79.829821
479-94-0888|4065133387262473|David|Leblanc|M|108 Tanya Terrace Apt. 267|Rockwell|NC|28138|35.5494|-80.4226|10495|Quarry manager|1983-12-27|950105810049|adults_2550_male_urban.json|517fb1bdc9869e5c26159117be4a0db8|2025-05-25|14:05:23|1748174723|personal_care|20.99|0|fraud_Abbott-Steuber|34.982405|-79.676147
479-94-0888|4065133387262473|David|Leblanc|M|108 Tanya Terrace Apt. 267|Rockwell|NC|28138|35.5494|-80.4226|10495|Quarry manager|1983-12-27|950105810049|adults_2550_male_urban.json|fa8cf0c8e279689eb837e2874eab2e9b|2025-05-19|12:50:29|1747651829|kids_pets|11.53|0|fraud_Gottlieb Group|36.275555|-80.356148
479-94-0888|4065133387262473|David|Leblanc|M|108 Tanya Terrace Apt. 267|Rockwell|NC|28138|35.5494|-80.4226|10495|Quarry manager|1983-12-27|950105810049|adults_2550_male_urban.json|d5c538607e8c43a0e1b980ff2f598aab|2025-05-07|22:48:02|1746650882|health_fitness|21.59|0|fraud_Ziemann-Waters|36.472861|-80.002462
479-94-0888|4065133387262473|David|Leblanc|M|108 Tanya Terrace Apt. 267|Rockwell|NC|28138|35.5494|-80.4226|10495|Quarry manager|1983-12-27|950105810049|adults_2550_male_urban.json|a30cc3b91381899c503ba264f1789eef|2025-05-29|21:58:42|1748548722|travel|28.72|0|fraud_Turner LLC|35.444500|-81.010665
479-94-0888|4065133387262473|David|Leblanc|M|108 Tanya Terrace Apt. 267|Rockwell|NC|28138|35.5494|-80.4226|10495|Quarry manager|1983-12-27|950105810049|adults_2550_male_urban.json|27f383bc787f40d106914e8ac2cdfe74|2025-04-13|21:48:42|1744573722|shopping_pos|3.51|0|fraud_Torphy-Goyette|35.830229|-80.953374
479-94-0888|4065133387262473|David|Leblanc|M|108 Tanya Terrace Apt. 267|Rockwell|NC|28138|35.5494|-80.4226|10495|Quarry manager|1983-12-27|950105810049|adults_2550_male_urban.json|eb36f3450ae486219ef76a2dc7851f07|2025-04-10|20:48:07|1744310887|shopping_net|103.61|0|fraud_Medhurst PLC|35.429426|-80.595762
479-94-0888|4065133387262473|David|Leblanc|M|108 Tanya Terrace Apt. 267|Rockwell|NC|28138|35.5494|-80.4226|10495|Quarry manager|1983-12-27|950105810049|adults_2550_male_urban.json|d40c810e5a3ada26fee83eed741ddddf|2025-04-28|23:19:45|1745875185|food_dining|149.90|0|fraud_Weber and Sons|35.998016|-81.044066
479-94-0888|4065133387262473|David|Leblanc|M|108 Tanya Terrace Apt. 267|Rockwell|NC|28138|35.5494|-80.4226|10495|Quarry manager|1983-12-27|950105810049|adults_2550_male_urban.json|6896fecd88515251e913dd094b645f43|2025-05-03|13:07:58|1746270478|health_fitness|257.30|0|fraud_Ledner, Hartmann and Feest|35.642312|-79.462458
479-94-0888|4065133387262473|David|Leblanc|M|108 Tanya Terrace Apt. 267|Rockwell|NC|28138|35.5494|-80.4226|10495|Quarry manager|1983-12-27|950105810049|adults_2550_male_urban.json|631f2a8b02ebbe859037122745c41de8|2025-04-08|17:56:12|1744127772|shopping_net|89.09|0|fraud_Schumm PLC|35.398801|-80.792036
479-94-0888|4065133387262473|David|Leblanc|M|108 Tanya Terrace Apt. 267|Rockwell|NC|28138|35.5494|-80.4226|10495|Quarry manager|1983-12-27|950105810049|adults_2550_male_urban.json|ce822b3c614a20b73a2448be77f40b9f|2025-05-17|15:33:14|1747488794|home|23.05|0|fraud_Schmidt-Larkin|35.616774|-80.382744
479-94-0888|4065133387262473|David|Leblanc|M|108 Tanya Terrace Apt. 267|Rockwell|NC|28138|35.5494|-80.4226|10495|Quarry manager|1983-12-27|950105810049|adults_2550_male_urban.json|3e0bfd8ec7553f0fd1a4009e849fceb6|2025-04-05|12:20:00|1743848400|shopping_net|121.97|0|fraud_Kihn, Abernathy and Douglas|35.926001|-80.263071
479-94-0888|4065133387262473|David|Leblanc|M|108 Tanya Terrace Apt. 267|Rockwell|NC|28138|35.5494|-80.4226|10495|Quarry manager|1983-12-27|950105810049|adults_2550_male_urban.json|bdf15735795ea9146fed601351926477|2025-04-28|13:14:01|1745838841|food_dining|1.72|0|fraud_Powlowski-Weimann|36.337376|-80.276100
479-94-0888|4065133387262473|David|Leblanc|M|108 Tanya Terrace Apt. 267|Rockwell|NC|28138|35.5494|-80.4226|10495|Quarry manager|1983-12-27|950105810049|adults_2550_male_urban.json|dbf6caf4eeb68814ed4466d2fff68699|2025-05-24|20:05:18|1748109918|kids_pets|35.57|0|fraud_Goyette-Gerhold|35.480215|-79.438428
479-94-0888|4065133387262473|David|Leblanc|M|108 Tanya Terrace Apt. 267|Rockwell|NC|28138|35.5494|-80.4226|10495|Quarry manager|1983-12-27|950105810049|adults_2550_male_urban.json|5b3750a18c5662efff765fbbea2b530c|2025-05-23|18:25:09|1748017509|kids_pets|55.49|0|fraud_Rau-Robel|35.278213|-81.257152
479-94-0888|4065133387262473|David|Leblanc|M|108 Tanya Terrace Apt. 267|Rockwell|NC|28138|35.5494|-80.4226|10495|Quarry manager|1983-12-27|950105810049|adults_2550_male_urban.json|d0abd03fb101c1dd12d4e6e18400d4cc|2025-04-14|17:44:19|1744645459|shopping_pos|30.76|0|fraud_Macejkovic-Lesch|35.027538|-81.365842
479-94-0888|4065133387262473|David|Leblanc|M|108 Tanya Terrace Apt. 267|Rockwell|NC|28138|35.5494|-80.4226|10495|Quarry manager|1983-12-27|950105810049|adults_2550_male_urban.json|88728ba3674a248f587a8cc1e1455013|2025-04-06|18:31:16|1743957076|shopping_net|15.56|0|fraud_Stamm-Witting|35.195264|-79.594046
479-94-0888|4065133387262473|David|Leblanc|M|108 Tanya Terrace Apt. 267|Rockwell|NC|28138|35.5494|-80.4226|10495|Quarry manager|1983-12-27|950105810049|adults_2550_male_urban.json|d12a6e6e6a626225903d1283e1daa3f0|2025-04-06|17:06:42|1743952002|shopping_net|24.14|0|fraud_Greenholt, O'Hara and Balistreri|35.411010|-79.676713
479-94-0888|4065133387262473|David|Leblanc|M|108 Tanya Terrace Apt. 267|Rockwell|NC|28138|35.5494|-80.4226|10495|Quarry manager|1983-12-27|950105810049|adults_2550_male_urban.json|6056366ea02be60181bf440398133b3b|2025-05-25|13:20:11|1748172011|personal_care|151.33|0|fraud_Lubowitz, Terry and Stracke|35.231316|-79.564701
479-94-0888|4065133387262473|David|Leblanc|M|108 Tanya Terrace Apt. 267|Rockwell|NC|28138|35.5494|-80.4226|10495|Quarry manager|1983-12-27|950105810049|adults_2550_male_urban.json|078307059d2bb8cb90b6f207193b040c|2025-05-16|13:21:15|1747394475|home|3.80|0|fraud_Prosacco, Kreiger and Kovacek|34.867476|-81.298293
479-94-0888|4065133387262473|David|Leblanc|M|108 Tanya Terrace Apt. 267|Rockwell|NC|28138|35.5494|-80.4226|10495|Quarry manager|1983-12-27|950105810049|adults_2550_male_urban.json|ed334b2a002026fdf9878110e634a0c7|2025-05-23|23:30:59|1748035859|kids_pets|4.39|0|fraud_Bode-Rempel|36.424148|-80.821483
479-94-0888|4065133387262473|David|Leblanc|M|108 Tanya Terrace Apt. 267|Rockwell|NC|28138|35.5494|-80.4226|10495|Quarry manager|1983-12-27|950105810049|adults_2550_male_urban.json|ed2db3d934436329d1968f4385c43049|2025-05-02|14:37:26|1746189446|food_dining|273.00|0|fraud_Deckow-Dare|34.622823|-79.675300
479-94-0888|4065133387262473|David|Leblanc|M|108 Tanya Terrace Apt. 267|Rockwell|NC|28138|35.5494|-80.4226|10495|Quarry manager|1983-12-27|950105810049|adults_2550_male_urban.json|1a16e4c37e1813701b9ac35710d7b142|2025-05-16|20:52:39|1747421559|home|173.01|0|fraud_Koss, Hansen and Lueilwitz|35.312462|-81.112386
479-94-0888|4065133387262473|David|Leblanc|M|108 Tanya Terrace Apt. 267|Rockwell|NC|28138|35.5494|-80.4226|10495|Quarry manager|1983-12-27|950105810049|adults_2550_male_urban.json|e9403fae350791ed3e74ddf75d7af9a7|2025-05-10|16:38:58|1746887938|home|7.45|0|fraud_Pollich LLC|35.963603|-80.651680
479-94-0888|4065133387262473|David|Leblanc|M|108 Tanya Terrace Apt. 267|Rockwell|NC|28138|35.5494|-80.4226|10495|Quarry manager|1983-12-27|950105810049|adults_2550_male_urban.json|313d9ce992f6c6e58c6c2ab95d138907|2025-05-27|19:22:17|1748366537|personal_care|224.99|0|fraud_Friesen-Ortiz|35.587016|-79.565932
479-94-0888|4065133387262473|David|Leblanc|M|108 Tanya Terrace Apt. 267|Rockwell|NC|28138|35.5494|-80.4226|10495|Quarry manager|1983-12-27|950105810049|adults_2550_male_urban.json|5367ac1df9f956cc91940d3394607727|2025-05-27|15:53:12|1748353992|personal_care|17.62|0|fraud_Abbott-Steuber|34.560441|-80.342727
479-94-0888|4065133387262473|David|Leblanc|M|108 Tanya Terrace Apt. 267|Rockwell|NC|28138|35.5494|-80.4226|10495|Quarry manager|1983-12-27|950105810049|adults_2550_male_urban.json|49651c90d965e9f6b8a4a477cfa1e074|2025-05-08|15:50:05|1746712205|health_fitness|6.57|0|fraud_Rippin-VonRueden|35.814596|-79.608152
479-94-0888|4065133387262473|David|Leblanc|M|108 Tanya Terrace Apt. 267|Rockwell|NC|28138|35.5494|-80.4226|10495|Quarry manager|1983-12-27|950105810049|adults_2550_male_urban.json|3d728e5c88d2c4035e78aaab56c512d3|2025-03-30|17:40:42|1743349242|misc_pos|24.97|0|fraud_Wintheiser, Dietrich and Schimmel|35.534148|-81.204769
479-94-0888|4065133387262473|David|Leblanc|M|108 Tanya Terrace Apt. 267|Rockwell|NC|28138|35.5494|-80.4226|10495|Quarry manager|1983-12-27|950105810049|adults_2550_male_urban.json|9360e2fd05e4049263bd2c1fb7aa1d28|2025-03-29|20:04:37|1743275077|misc_pos|3.95|0|fraud_Reynolds-Schinner|35.121160|-81.401249
479-94-0888|4065133387262473|David|Leblanc|M|108 Tanya Terrace Apt. 267|Rockwell|NC|28138|35.5494|-80.4226|10495|Quarry manager|1983-12-27|950105810049|adults_2550_male_urban.json|64092f8536d8775dba9987b2f09966f7|2025-04-13|17:19:31|1744557571|shopping_pos|3.60|0|fraud_Kuhn LLC|35.623279|-79.504811
